"0","metals_plot <- c(""Ta"",""V"",""TaV"")"
"0","dat_temp <- dat_p%>%"
"0","  filter(iteration %in% c(0,2,5))%>%"
"0","  mutate(Method = iteration,"
"0","         Method = factor(Method),"
"0","         Train = factor(Train))"
"0",""
"0","p1t <- plot_pred_mult_methods_fun(dat_plot = dat_temp,"
"0","                   out_property = properties[1],"
"0","                   metals = metals_plot,"
"0","                   method_name = ""Iteration"","
"0","                   plot_title = TeX(""$a_0$ for Ta-V Alloy""))"
"0",""
"0","p1t <- p1t+theme(legend.position = ""bottom"","
"0","                 legend.box.margin = margin(-10,-10,-10,-10))"
"0",""
"0","p2t <- plot_pred_mult_methods_fun(dat_plot = dat_temp,"
"0","                   out_property = properties[2],"
"0","                   metals = metals_plot,"
"0","                   method_name = ""Iteration"","
"0","                   plot_title = TeX(""$C_{11}^{\\dagger}$ for Ta-V Alloy""))"
"0",""
"0","p2t <- p2t+theme(legend.position = ""bottom"","
"0","                 legend.box.margin = margin(-10,-10,-10,-10))"
"0",""
"0","p3t <- plot_pred_mult_methods_fun(dat_plot = dat_temp,"
"0","                   out_property = properties[3],"
"0","                   metals = metals_plot,"
"0","                   method_name = ""Iteration"","
"0","                   plot_title = TeX(""$C_{12}^{\\dagger}$ for Ta-V Alloy""))"
"0",""
"0","p3t <- p3t+theme(legend.position = ""bottom"","
"0","                 legend.box.margin = margin(-10,-10,-10,-10))"
"0",""
"0",""
"0","p4t <- plot_pred_mult_methods_fun(dat_plot = dat_temp,"
"0","                   out_property = properties[4],"
"0","                   metals = metals_plot,"
"0","                   method_name = ""Iteration"","
"0","                   plot_title = TeX(""$C_{44}^{\\dagger}$ for Ta-V Alloy""))"
"0",""
"0","p4t <- p4t+theme(legend.position = ""bottom"","
"0","                 legend.box.margin = margin(-10,-10,-10,-10))"
"0",""
"0",""
"0","grid.arrange(p1t, p2t,"
"0","             p3t, p4t, nrow = 2)"
