"0","dat_plot%>%"
"0","  mutate(Train = factor(Train),"
"0","         property = factor(property,"
"0","                           levels= properties,"
"0","                           labels = TeX(c(""$a_0$"", ""$C_{11}^{\\dagger}$"","
"0","                                      ""$C_{12}^{\\dagger}$"","
"0","                                      ""$C_{44}^{\\dagger}$""))))%>%"
"0","  ggplot(aes(x= concentration,"
"0","             color = Alloy,"
"0","             group = Alloy))+"
"0","    geom_line(aes(y=value),"
"0","              linewidth = 1,"
"0","              alpha = 0.7,"
"0","              linetype = ""longdash"")+"
"0","  scale_color_brewer(palette = ""Paired"")+"
"0","  new_scale_colour() +"
"0","    geom_point(aes(y = value,"
"0","                   color = Train),"
"0","               size = 2.25)+"
"0","    scale_color_manual(values = c(""0""=""gray48"","
"0","                                  ""1"" = ""blue""),"
"0","                       guide = ""none"")+"
"0","  theme_bw()+"
"0","  facet_wrap(~property, scales = ""free"","
"0","             labeller=label_parsed)+"
"0","  labs(x = ""Concentration of First Metal"","
"0","         y = ""Computed Value"")"
