{"chunk_definitions":[{"row":23,"row_count":1,"visible":true,"expansion_state":0,"options":{"engine":"r","label":"setup","include":false},"document_id":"F21E6BD1","chunk_id":"csetup_chunk","chunk_label":"setup"},{"row":33,"row_count":1,"visible":true,"expansion_state":0,"options":{"engine":"r","label":"unnamed-chunk-11"},"document_id":"F21E6BD1","chunk_id":"co2qaigd31qyy","chunk_label":"unnamed-chunk-1"},{"row":59,"row_count":1,"visible":true,"expansion_state":0,"options":{"engine":"r","label":"unnamed-chunk-12"},"document_id":"F21E6BD1","chunk_id":"cx6r3ynk2miy9","chunk_label":"unnamed-chunk-2"},{"row":127,"row_count":1,"visible":true,"expansion_state":0,"options":{"engine":"r","label":"unnamed-chunk-13"},"document_id":"F21E6BD1","chunk_id":"cci6x2ok1b5mp","chunk_label":"unnamed-chunk-3"},{"row":158,"row_count":1,"visible":true,"expansion_state":0,"options":{"engine":"r","label":"dat_simulated","fig.width":9,"fig.height":5},"document_id":"F21E6BD1","chunk_id":"c0640pdy1julf","chunk_label":"dat_simulated"},{"row":176,"row_count":1,"visible":true,"expansion_state":0,"options":{"engine":"r","label":"unnamed-chunk-10"},"document_id":"F21E6BD1","chunk_id":"cyy7mfl6ov610","chunk_label":"unnamed-chunk-4"},{"row":228,"row_count":1,"visible":true,"expansion_state":0,"options":{"engine":"r","label":"gp_plots","fig.width":9,"fig.height":6},"document_id":"F21E6BD1","chunk_id":"cl3z6gkfrokfj","chunk_label":"gp_plots"},{"row":255,"row_count":1,"visible":true,"expansion_state":0,"options":{"engine":"r","label":"unnamed-chunk-14"},"document_id":"F21E6BD1","chunk_id":"cmh45yzh8i2c2","chunk_label":"unnamed-chunk-6"},{"row":306,"row_count":1,"visible":true,"expansion_state":0,"options":{"engine":"r","label":"gam_plots","fig.width":9,"fig.height":6},"document_id":"F21E6BD1","chunk_id":"c6ug99ueiyetx","chunk_label":"gam_plots"},{"row":315,"row_count":1,"visible":true,"expansion_state":0,"options":{"engine":"r","label":"unnamed-chunk-15"},"document_id":"F21E6BD1","chunk_id":"cdvgjk3u1lcmv","chunk_label":"unnamed-chunk-7"},{"row":322,"row_count":1,"visible":true,"expansion_state":0,"options":{"engine":"r","label":"unnamed-chunk-16"},"document_id":"F21E6BD1","chunk_id":"c599fuecw7kko","chunk_label":"unnamed-chunk-8"},{"row":338,"row_count":1,"visible":true,"expansion_state":0,"options":{"engine":"r","label":"unnamed-chunk-17"},"document_id":"F21E6BD1","chunk_id":"cku4you2yfmdo","chunk_label":"unnamed-chunk-9"},{"row":367,"row_count":1,"visible":true,"expansion_state":0,"options":{"engine":"r","label":"pred_error","fig.width":7,"fig.height":4},"document_id":"F21E6BD1","chunk_id":"ckt7gfm9xcu7v","chunk_label":"pred_error"},{"row":395,"row_count":1,"visible":true,"expansion_state":0,"options":{"engine":"r","label":"pred_uncertainty","fig.width":7,"fig.height":4},"document_id":"F21E6BD1","chunk_id":"cjmrxm5h1kkg1","chunk_label":"pred_uncertainty"}],"doc_write_time":1698890080,"working_dir":null,"default_chunk_options":{"echo":true,"dev":"png","dpi":300.0}}