"0","## Prepare the binary data"
"0",""
"0","dat_bin <- dat_test%>%"
"0","              filter(property==properties[2],"
"0","                     Type == ""alloy"","
"0","                     n_elements==2)"
"0",""
"0","dat_pure <- dat_test%>%"
"0","              filter(property==properties[2],"
"0","                     n_elements==1)"
"0",""
"0","all_names <- unique(dat_bin$Name)"
"0","n_names <- length(all_names)"
"0",""
"0","dat_plot <- vector(mode = ""list"","
"0","                   length = n_names* 4)"
"0",""
"0",""
"0","## Get data for each binary (adding pure metals at the sides)"
"0","k = 0"
"0","for(i in 1:4){"
"0","  dat_bin <- dat_test%>%"
"0","              filter(property==properties[i],"
"0","                     Type == ""alloy"","
"0","                     n_elements==2)"
"0",""
"0","  dat_pure <- dat_test%>%"
"0","                filter(property==properties[i],"
"0","                       n_elements==1)"
"0","  "
"0","  for(j in 1:n_names){"
"0","    k <- k + 1"
"0","    dt <- dat_bin%>%"
"0","    filter(Name == all_names[j])"
"0","  "
"0","  primary <- dt$Primary[1]"
"0","  secondary <- dt$Secondary[1]"
"0","  alloy_name <- paste0(primary, ""-"", secondary)"
"0","  d_p <- dat_pure%>%"
"0","          filter(Name == primary)"
"0","  d_s <-  dat_pure%>%"
"0","          filter(Name == dt$Secondary[1])"
"0","  "
"0","  val_property = c( d_s$val_true[1],"
"0","                    dt$val_true,"
"0","                    d_p$val_true[1])"
"0","  concentration <- c(0, dt[[primary]] ,1)"
"0","  train_val = c(1, dt$Train ,1)"
"0","  "
"0","  dat_plot[[k]] <- tibble(concentration= concentration,"
"0","                          Alloy = alloy_name,"
"0","                          value = val_property,"
"0","                          Train = train_val,"
"0","                          property = properties[i])"
"0","  }"
"0","  "
"0","    "
"0","}"
"0",""
"0","dat_plot <- bind_rows(dat_plot)"
"0",""
