"0","set.seed(123333)"
"0",""
"0","metals <- c(""W"",""Ta"",""Mo"",""Nb"",""V"")"
"0","properties <- c(""a0"",""c11"",""c12"",""c44"")"
"0",""
"0",""
"0","#this function adds the spherical coordinates as sph_1 to sph_4"
"0","#and adds train and test data sets"
"0",""
"0","dat_initial <- prepare_dat_fun(dat = dat_as,"
"0","                            prop_train = 0.2,"
"0","                            properties = properties,"
"0","                            metals = metals)"
"0",""
"0","X_train <- dat_initial$X_train"
"0","X_test <- dat_initial$X_test"
"0","y_train <- dat_initial$y_train"
"0","y_test <- dat_initial$y_test"
"0","dat_test <- dat_initial$dat_test"
"0","dat_train <- dat_initial$dat_train"
"0",""
