"0","dp_all%>%"
"0","  filter(Train ==0)%>%"
"0","  mutate(pm = paste(property, Method),"
"0","         property = factor(property,"
"0","                           levels= properties,"
"0","                           labels = TeX(c(""$a_0$"", ""$C_{11}^{\\dagger}$"","
"0","                                      ""$C_{12}^{\\dagger}$"","
"0","                                      ""$C_{44}^{\\dagger}$""))))%>%"
"0","  group_by(iteration,Method, property)%>%"
"0","  summarise(MSD = mean(sd_pred))%>%"
"0","  ungroup()%>%"
"0","  ggplot(aes(x=iteration,"
"0","             color = Method,"
"0","             y=MSD))+"
"0","  geom_line(linewidth = 1)+"
"0","  scale_color_brewer(palette = ""Dark2"")+"
"0","  #scale_y_log10()+"
"0","  labs(y = ""Prediction Standard Deviation"","
"0","       x = ""Iteration"","
"0","       title = ""Prediction Uncertainty"")+"
"0","  facet_wrap(~property, scales = ""free"","
"0","             labeller=label_parsed)+"
"0","  theme(legend.position = ""bottom"","
"0","        legend.box.margin = margin(-10,-10,-10,-10))"
"2","`summarise()` has grouped output by 'iteration', 'Method'. You can override using the `.groups` argument."
