{"chunk_definitions":[{"row":23,"row_count":1,"visible":true,"expansion_state":0,"options":{"engine":"r","label":"setup","include":false},"document_id":"F21E6BD1","chunk_id":"csetup_chunk","chunk_label":"setup"},{"row":33,"row_count":1,"visible":true,"expansion_state":0,"options":{"engine":"r","label":"unnamed-chunk-3"},"document_id":"F21E6BD1","chunk_id":"co2qaigd31qyy","chunk_label":"unnamed-chunk-1"},{"row":59,"row_count":1,"visible":true,"expansion_state":0,"options":{"engine":"r","label":"unnamed-chunk-4"},"document_id":"F21E6BD1","chunk_id":"cx6r3ynk2miy9","chunk_label":"unnamed-chunk-2"},{"row":127,"row_count":1,"visible":true,"expansion_state":0,"options":{"engine":"r","label":"unnamed-chunk-6"},"document_id":"F21E6BD1","chunk_id":"cci6x2ok1b5mp","chunk_label":"unnamed-chunk-3"},{"row":158,"row_count":1,"visible":true,"expansion_state":0,"options":{"engine":"r","label":"dat_simulated","fig.width":9,"fig.height":5},"document_id":"F21E6BD1","chunk_id":"c0640pdy1julf","chunk_label":"dat_simulated"}],"doc_write_time":1698889960,"working_dir":null,"default_chunk_options":{"echo":true,"dev":"png","dpi":300.0}}